{
    "componentname": "Midtrans",
    "componenttitle": "Midtrans Payment",
    "componentcategoryid": 11,
    "componentclass": "fa-solid fa-money-bill-wave",
    "version": "0.0.1",
    "createdby": "Prisma Data Abadi",
    "input": 1,
    "output": 1,
    "details": [
        {
            "detailtype": "select",
            "lable": "Midtrans Server Key",
            "inputtype": "select",
            "inputname": "midtrans_server_key",
            "inputdesc": "Payment action (Snap or CoreAPI)",
            "datasource": "snap,coreapi",
            "order": 1
        },
        {
            "detailtype": "select",
            "lable": "Midtrans Client Key",
            "inputtype": "select",
            "inputname": "midtrans_client_key",
            "inputdesc": "Payment action (Snap or CoreAPI)",
            "datasource": "snap,coreapi",
            "order": 2
        },
        {
            "detailtype": "select",
            "lable": "Midtrans Environment",
            "inputtype": "select",
            "inputname": "midtrans_env",
            "inputdesc": "Environemt (Sandbox or Production)",
            "datasource": "sandbox,production",
            "order": 3
        },
        {
            "detailtype": "select",
            "lable": "Action",
            "inputtype": "select",
            "inputname": "action",
            "inputdesc": "Payment action (Snap or CoreAPI)",
            "datasource": "snap,coreapi",
            "order": 4
        },
        {
            "detailtype": "text",
            "lable": "Order ID",
            "inputtype": "text",
            "inputname": "orderid",
            "inputdesc": "Unique order identifier",
            "order": 5
        },
        {
            "detailtype": "number",
            "lable": "Amount",
            "inputtype": "number",
            "inputname": "amount",
            "inputdesc": "Transaction amount",
            "order": 6
        },
        {
            "detailtype": "text",
            "lable": "Item Name",
            "inputtype": "text",
            "inputname": "itemname",
            "inputdesc": "Item name (optional)",
            "order": 7
        },
        {
            "detailtype": "text",
            "lable": "Customer Name",
            "inputtype": "text",
            "inputname": "customer",
            "inputdesc": "Customer first name",
            "order": 8
        },
        {
            "detailtype": "text",
            "lable": "Email",
            "inputtype": "email",
            "inputname": "email",
            "inputdesc": "Customer email",
            "order": 9
        },
        {
            "detailtype": "text",
            "lable": "Phone",
            "inputtype": "text",
            "inputname": "phone",
            "inputdesc": "Customer phone",
            "order": 10
        },
        {
            "detailtype": "select",
            "lable": "Payment Type",
            "inputtype": "select",
            "inputname": "paymenttype",
            "inputdesc": "Payment method (CoreAPI only)",
            "datasource": "credit_card,gopay,shopeepay,bank_transfer",
            "order": 11
        }
    ]
}
