{
    "componentname": "Lazada",
    "componenttitle": "Lazada Integration",
    "componentcategoryid": 13,
    "componentclass": "fa-solid fa-cart-shopping",
    "version": "0.0.1",
    "createdby": "Prisma Data Abadi",
    "input": 1,
    "output": 1,
    "details": [
        {
            "detailtype": "text",
            "lable": "App Key",
            "inputtype": "text",
            "inputname": "app_key",
            "inputdesc": "Lazada App Key",
            "order": 1
        },
        {
            "detailtype": "text",
            "lable": "App Secret",
            "inputtype": "text",
            "inputname": "app_secret",
            "inputdesc": "Lazada App Secret",
            "order": 2
        },
        {
            "detailtype": "text",
            "lable": "Access Token",
            "inputtype": "text",
            "inputname": "access_token",
            "inputdesc": "Lazada Access Token",
            "order": 3
        },
        {
            "detailtype": "select",
            "lable": "Action",
            "inputtype": "select",
            "inputname": "action",
            "inputdesc": "Action to perform",
            "order": 4,
            "datasourcetype": "List",
            "datasource": "get_products,get_orders,update_order,get_product,create_product"
        },
        {
            "detailtype": "text",
            "lable": "Order ID / Product ID",
            "inputtype": "text",
            "inputname": "item_id",
            "inputdesc": "Order or Product ID",
            "order": 5
        }
    ]
}
