{
    "componentname": "SQLite",
    "componenttitle": "Database (SQLite)",
    "componentcategoryid": 3,
    "componentclass": "fa-solid fa-database",
    "version": "0.0.1",
    "createdby": "Prisma Data Abadi",
    "input": 1,
    "output": 1,
    "details": [
        {
            "detailtype": "text",
            "lable": "Database File Path",
            "inputtype": "text",
            "inputname": "dbname",
            "inputdesc": "Path to SQLite database file (e.g., ./data.db or :memory: for in-memory)",
            "order": 1
        },
        {
            "detailtype": "select",
            "lable": "Data Type",
            "inputtype": "select",
            "inputname": "data_type",
            "inputdesc": "Object Type",
            "order": 2,
            "options": "query,table"
        },
        {
            "detailtype": "text",
            "lable": "Object Name",
            "inputtype": "text",
            "inputname": "object_name",
            "inputdesc": "Table Name (Required for table mode)",
            "order": 3
        },
        {
            "detailtype": "textarea",
            "lable": "Query",
            "inputtype": "textarea",
            "inputname": "query",
            "inputdesc": "Raw SQL Query (if Mode=Query)",
            "order": 4
        },
        {
            "detailtype": "textarea",
            "lable": "Parameters",
            "inputtype": "textarea",
            "inputname": "parameters",
            "inputdesc": "JSON Array of arguments for Query placeholders",
            "order": 5
        }
    ]
}
