{
    "componentname": "GitLab",
    "componenttitle": "GitLab Integration",
    "componentcategoryid": 10,
    "componentclass": "fa-brands fa-gitlab",
    "version": "0.0.1",
    "createdby": "Prisma Data Abadi",
    "input": 1,
    "output": 1,
    "details": [
        {
            "detailtype": "select",
            "lable": "Database Driver",
            "inputtype": "select",
            "inputname": "db_driver",
            "inputdesc": "Database driver: mysql/mariadb, postgres, sqlserver, oracle, sqlite",
            "order": 1,
            "datasourcetype": "List",
            "datasource": "mysql,postgres,sqlserver,oracle,sqlite"
        },
        {
            "detailtype": "select",
            "lable": "Action",
            "inputtype": "select",
            "inputname": "action",
            "inputdesc": "Action to perform",
            "order": 2,
            "datasourcetype": "List",
            "datasource": "create_issue,get_issues,create_merge_request,mr,pull,push,commit"
        },
        {
            "detailtype": "text",
            "lable": "Private Token",
            "inputtype": "text",
            "inputname": "private_token",
            "inputdesc": "GitLab Private Token",
            "order": 3
        },
        {
            "detailtype": "text",
            "lable": "Project ID",
            "inputtype": "text",
            "inputname": "project_id",
            "inputdesc": "GitLab Project ID",
            "order": 4
        },
        {
            "detailtype": "textarea",
            "lable": "Issue/MR Description",
            "inputtype": "textarea",
            "inputname": "description",
            "inputdesc": "Description content",
            "order": 5
        }
    ]
}
