{
    "componentname": "Google Drive",
    "componenttitle": "Google Drive Integration",
    "componentcategoryid": 3,
    "componentclass": "fa-brands fa-google-drive",
    "version": "0.0.1",
    "createdby": "Prisma Data Abadi",
    "input": 1,
    "output": 1,
    "details": [
        {
            "detailtype": "text",
            "lable": "Access Token",
            "inputtype": "text",
            "inputname": "access_token",
            "inputdesc": "Google OAuth2 Access Token",
            "order": 1
        },
        {
            "detailtype": "select",
            "lable": "Action",
            "inputtype": "select",
            "inputname": "action",
            "inputdesc": "Action to perform",
            "order": 2,
            "datasourcetype": "List",
            "datasource": "list_files,upload_file,download_file,delete_file,create_folder,share_file"
        },
        {
            "detailtype": "text",
            "lable": "File ID",
            "inputtype": "text",
            "inputname": "file_id",
            "inputdesc": "Google Drive File ID",
            "order": 3
        },
        {
            "detailtype": "text",
            "lable": "File Name",
            "inputtype": "text",
            "inputname": "file_name",
            "inputdesc": "Name of the file",
            "order": 4
        },
        {
            "detailtype": "textarea",
            "lable": "File Content / URL",
            "inputtype": "textarea",
            "inputname": "file_content",
            "inputdesc": "File content or URL",
            "order": 5
        }
    ]
}
