{
    "componentname": "SMTP",
    "componenttitle": "Email (SMTP)",
    "componentcategoryid": 7,
    "componentclass": "fa-solid fa-envelope",
    "version": "0.0.1",
    "createdby": "Prisma Data Abadi",
    "input": 1,
    "output": 1,
    "details": [
        {
            "detailtype": "text",
            "lable": "SMTP Host",
            "inputtype": "text",
            "inputname": "host",
            "inputdesc": "e.g. smtp.gmail.com",
            "order": 1
        },
        {
            "detailtype": "text",
            "lable": "SMTP Port",
            "inputtype": "number",
            "inputname": "port",
            "inputdesc": "e.g. 587",
            "order": 2
        },
        {
            "detailtype": "text",
            "lable": "Username",
            "inputtype": "text",
            "inputname": "username",
            "inputdesc": "SMTP Username",
            "order": 3
        },
        {
            "detailtype": "password",
            "lable": "Password",
            "inputtype": "password",
            "inputname": "password",
            "inputdesc": "SMTP Password",
            "order": 4
        },
        {
            "detailtype": "text",
            "lable": "From Email",
            "inputtype": "email",
            "inputname": "from",
            "inputdesc": "Sender Email Address",
            "order": 5
        },
        {
            "detailtype": "text",
            "lable": "To Email(s)",
            "inputtype": "text",
            "inputname": "to",
            "inputdesc": "Recipient Email Address (comma separated)",
            "order": 6
        },
        {
            "detailtype": "text",
            "lable": "Subject",
            "inputtype": "text",
            "inputname": "subject",
            "inputdesc": "Email Subject",
            "order": 7
        },
        {
            "detailtype": "textarea",
            "lable": "Message (HTML)",
            "inputtype": "textarea",
            "inputname": "message",
            "inputdesc": "HTML Body Content",
            "order": 8
        }
    ]
}
