{
    "componentname": "Chat",
    "componenttitle": "Real-time Chat",
    "componentcategoryid": 5,
    "componentclass": "fa-solid fa-headset",
    "version": "0.0.1",
    "createdby": "Prisma Data Abadi",
    "input": 1,
    "output": 1,
    "details": [
        {
            "detailtype": "select",
            "lable": "Database Driver",
            "inputtype": "select",
            "inputname": "db_driver",
            "inputdesc": "Database driver: mysql/mariadb, postgres, sqlserver, oracle, sqlite",
            "order": 1,
            "datasourcetype": "List",
            "datasource": "mysql,postgres,sqlserver,oracle,sqlite"
        },
        {
            "detailtype": "select",
            "lable": "Action",
            "inputtype": "select",
            "inputname": "action",
            "inputdesc": "Action to perform: send, gethistory, markread, getuserlist",
            "order": 2,
            "datasourcetype": "List",
            "datasource": "send,gethistory,markread,getuserlist"
        },
        {
            "detailtype": "text",
            "lable": "Target User ID",
            "inputtype": "text",
            "inputname": "targetid",
            "inputdesc": "Target user ID for chat",
            "order": 2
        },
        {
            "detailtype": "textarea",
            "lable": "Message",
            "inputtype": "textarea",
            "inputname": "message",
            "inputdesc": "Chat message content",
            "order": 3
        },
        {
            "detailtype": "text",
            "lable": "Sender ID",
            "inputtype": "text",
            "inputname": "senderid",
            "inputdesc": "Sender user ID (from context)",
            "order": 4
        },
        {
            "detailtype": "text",
            "lable": "Message ID",
            "inputtype": "text",
            "inputname": "messageid",
            "inputdesc": "Message ID for markread action",
            "order": 5
        }
    ]
}
