{
    "componentname": "Instagram",
    "componenttitle": "Instagram Integration",
    "componentcategoryid": 12,
    "componentclass": "fa-brands fa-instagram",
    "version": "0.0.1",
    "createdby": "Prisma Data Abadi",
    "input": 1,
    "output": 1,
    "details": [
        {
            "detailtype": "select",
            "lable": "Database Driver",
            "inputtype": "select",
            "inputname": "db_driver",
            "inputdesc": "Database driver: mysql/mariadb, postgres, sqlserver, oracle, sqlite",
            "order": 1,
            "datasourcetype": "List",
            "datasource": "mysql,postgres,sqlserver,oracle,sqlite"
        },
        {
            "detailtype": "select",
            "lable": "Action",
            "inputtype": "select",
            "inputname": "action",
            "inputdesc": "Action to perform",
            "order": 2,
            "datasourcetype": "List",
            "datasource": "post_media,get_media,send_message,post,get_post,get_reel,send_reel"
        },
        {
            "detailtype": "text",
            "lable": "Access Token",
            "inputtype": "text",
            "inputname": "access_token",
            "inputdesc": "Instagram Access Token",
            "order": 3
        },
        {
            "detailtype": "textarea",
            "lable": "Media URL/Caption",
            "inputtype": "textarea",
            "inputname": "media_data",
            "inputdesc": "Media URL or Caption content",
            "order": 4
        }
    ]
}
