{
    "componentname": "S3Storage",
    "componenttitle": "S3 / MinIO Storage",
    "componentcategoryid": 3,
    "componentclass": "fas fa-box",
    "version": "0.0.1",
    "createdby": "Prisma Data Abadi",
    "input": 1,
    "output": 1,
    "details": [
        {
            "detailtype": "Property",
            "lable": "S3 ENDPOINT",
            "inputtype": "text",
            "inputname": "s3endpoint",
            "inputdesc": "S3 Endpoint",
            "order": 1
        },
        {
            "detailtype": "Property",
            "lable": "S3 REGION",
            "inputtype": "text",
            "inputname": "s3region",
            "inputdesc": "S3 Region",
            "order": 2
        },
        {
            "detailtype": "Property",
            "lable": "S3 ACCESS KEY",
            "inputtype": "text",
            "inputname": "s3accesskey",
            "inputdesc": "S3 Access Key",
            "order": 3
        },
        {
            "detailtype": "Property",
            "lable": "S3 SECRET KEY",
            "inputtype": "text",
            "inputname": "s3secretkey",
            "inputdesc": "S3 Secret Key",
            "order": 4
        },
        {
            "detailtype": "Property",
            "lable": "S3 BUCKET",
            "inputtype": "text",
            "inputname": "s3bucket",
            "inputdesc": "S3 Bucket",
            "order": 5
        },
        {
            "detailtype": "Property",
            "lable": "S3 USE SSL",
            "inputtype": "select",
            "inputname": "s3usessl",
            "inputdesc": "S3 Use SSL",
            "order": 6,
            "datasource": "true,false"
        },
        {
            "detailtype": "select",
            "lable": "Action",
            "inputtype": "select",
            "inputname": "action",
            "inputdesc": "Storage action",
            "datasource": "upload,download,delete,list,geturl",
            "order": 7
        },
        {
            "detailtype": "text",
            "lable": "Filename",
            "inputtype": "text",
            "inputname": "filename",
            "inputdesc": "File path in bucket",
            "order": 8
        },
        {
            "detailtype": "textarea",
            "lable": "File Data (Base64)",
            "inputtype": "textarea",
            "inputname": "filedata",
            "inputdesc": "Base64 encoded file content (for upload)",
            "order": 9
        },
        {
            "detailtype": "text",
            "lable": "Prefix",
            "inputtype": "text",
            "inputname": "prefix",
            "inputdesc": "Filter prefix (for list)",
            "order": 10
        }
    ]
}
