{
    "componentname": "PayPal",
    "componenttitle": "PayPal Integration",
    "componentcategoryid": 11,
    "componentclass": "fa-brands fa-paypal",
    "version": "0.0.1",
    "createdby": "Prisma Data Abadi",
    "input": 1,
    "output": 1,
    "details": [
        {
            "detailtype": "text",
            "lable": "Client ID",
            "inputtype": "text",
            "inputname": "client_id",
            "inputdesc": "PayPal Client ID",
            "order": 1
        },
        {
            "detailtype": "text",
            "lable": "Client Secret",
            "inputtype": "text",
            "inputname": "client_secret",
            "inputdesc": "PayPal Client Secret",
            "order": 2
        },
        {
            "detailtype": "select",
            "lable": "Environment",
            "inputtype": "select",
            "inputname": "environment",
            "inputdesc": "PayPal Environment",
            "order": 3,
            "datasourcetype": "List",
            "datasource": "sandbox,production"
        },
        {
            "detailtype": "select",
            "lable": "Action",
            "inputtype": "select",
            "inputname": "action",
            "inputdesc": "Action to perform",
            "order": 4,
            "datasourcetype": "List",
            "datasource": "create_order,capture_order,get_order,refund_payment,get_payment"
        },
        {
            "detailtype": "text",
            "lable": "Order ID / Payment ID",
            "inputtype": "text",
            "inputname": "item_id",
            "inputdesc": "Order or Payment ID",
            "order": 5
        },
        {
            "detailtype": "textarea",
            "lable": "Order Data (JSON)",
            "inputtype": "textarea",
            "inputname": "order_data",
            "inputdesc": "JSON data for order creation",
            "order": 6
        }
    ]
}
