{
    "componentname": "Shopee",
    "componenttitle": "Shopee Integration",
    "componentcategoryid": 13,
    "componentclass": "fa-solid fa-shop",
    "version": "0.0.1",
    "createdby": "Prisma Data Abadi",
    "input": 1,
    "output": 1,
    "details": [
        {
            "detailtype": "text",
            "lable": "Partner ID",
            "inputtype": "text",
            "inputname": "partner_id",
            "inputdesc": "Shopee Partner ID",
            "order": 1
        },
        {
            "detailtype": "text",
            "lable": "Partner Key",
            "inputtype": "text",
            "inputname": "partner_key",
            "inputdesc": "Shopee Partner Key",
            "order": 2
        },
        {
            "detailtype": "text",
            "lable": "Shop ID",
            "inputtype": "text",
            "inputname": "shop_id",
            "inputdesc": "Shopee Shop ID",
            "order": 3
        },
        {
            "detailtype": "text",
            "lable": "Access Token",
            "inputtype": "text",
            "inputname": "access_token",
            "inputdesc": "Shopee Access Token",
            "order": 4
        },
        {
            "detailtype": "select",
            "lable": "Action",
            "inputtype": "select",
            "inputname": "action",
            "inputdesc": "Action to perform",
            "order": 5,
            "datasourcetype": "List",
            "datasource": "get_products,get_orders,get_order_detail,update_stock,get_shop_info"
        },
        {
            "detailtype": "text",
            "lable": "Order SN / Item ID",
            "inputtype": "text",
            "inputname": "item_id",
            "inputdesc": "Order SN or Item ID",
            "order": 6
        }
    ]
}
