{
    "componentname": "AmazonSES",
    "componenttitle": "Email (Amazon SES)",
    "componentcategoryid": 7,
    "componentclass": "fa-solid fa-panorama",
    "version": "0.0.1",
    "createdby": "Prisma Data Abadi",
    "input": 1,
    "output": 1,
    "details": [
        {
            "detailtype": "text",
            "lable": "AWS Region",
            "inputtype": "text",
            "inputname": "region",
            "inputdesc": "AWS Region (e.g. us-east-1)",
            "order": 1
        },
        {
            "detailtype": "password",
            "lable": "Access Key",
            "inputtype": "password",
            "inputname": "access_key",
            "inputdesc": "AWS Access Key ID",
            "order": 2
        },
        {
            "detailtype": "password",
            "lable": "Secret Key",
            "inputtype": "password",
            "inputname": "secret_key",
            "inputdesc": "AWS Secret Access Key",
            "order": 3
        },
        {
            "detailtype": "text",
            "lable": "From Email",
            "inputtype": "email",
            "inputname": "from",
            "inputdesc": "Sender Email Address (must be verified in SES)",
            "order": 4
        },
        {
            "detailtype": "text",
            "lable": "To Email",
            "inputtype": "email",
            "inputname": "to",
            "inputdesc": "Recipient Email Address",
            "order": 5
        },
        {
            "detailtype": "text",
            "lable": "Subject",
            "inputtype": "text",
            "inputname": "subject",
            "inputdesc": "Email Subject",
            "order": 6
        },
        {
            "detailtype": "textarea",
            "lable": "HTML Content",
            "inputtype": "textarea",
            "inputname": "html_content",
            "inputdesc": "HTML body of the email",
            "order": 7
        },
        {
            "detailtype": "textarea",
            "lable": "Plain Content",
            "inputtype": "textarea",
            "inputname": "plain_content",
            "inputdesc": "Plain text fallback content",
            "order": 8
        }
    ]
}
