{
    "componentname": "Tokopedia",
    "componenttitle": "Tokopedia Integration",
    "componentcategoryid": 13,
    "componentclass": "fa-solid fa-store",
    "version": "0.0.1",
    "createdby": "Prisma Data Abadi",
    "input": 1,
    "output": 1,
    "details": [
        {
            "detailtype": "text",
            "lable": "Client ID",
            "inputtype": "text",
            "inputname": "client_id",
            "inputdesc": "Tokopedia Client ID",
            "order": 1
        },
        {
            "detailtype": "text",
            "lable": "Client Secret",
            "inputtype": "text",
            "inputname": "client_secret",
            "inputdesc": "Tokopedia Client Secret",
            "order": 2
        },
        {
            "detailtype": "text",
            "lable": "FS ID",
            "inputtype": "text",
            "inputname": "fs_id",
            "inputdesc": "Tokopedia Fulfillment Service ID",
            "order": 3
        },
        {
            "detailtype": "text",
            "lable": "Access Token",
            "inputtype": "text",
            "inputname": "access_token",
            "inputdesc": "Tokopedia Access Token",
            "order": 4
        },
        {
            "detailtype": "select",
            "lable": "Action",
            "inputtype": "select",
            "inputname": "action",
            "inputdesc": "Action to perform",
            "order": 5,
            "datasourcetype": "List",
            "datasource": "get_products,get_orders,get_order_detail,update_product,get_shop_info"
        },
        {
            "detailtype": "text",
            "lable": "Order ID / Product ID",
            "inputtype": "text",
            "inputname": "item_id",
            "inputdesc": "Order or Product ID",
            "order": 6
        }
    ]
}
