{
    "componentname": "Gmail",
    "componenttitle": "Gmail Integration",
    "componentcategoryid": 7,
    "componentclass": "fa-brands fa-google",
    "version": "0.0.1",
    "createdby": "Prisma Data Abadi",
    "input": 1,
    "output": 1,
    "details": [
        {
            "detailtype": "text",
            "lable": "Access Token",
            "inputtype": "text",
            "inputname": "access_token",
            "inputdesc": "Google OAuth2 Access Token",
            "order": 1
        },
        {
            "detailtype": "select",
            "lable": "Action",
            "inputtype": "select",
            "inputname": "action",
            "inputdesc": "Action to perform",
            "order": 2,
            "datasourcetype": "List",
            "datasource": "send_email,list_messages,get_message,delete_message,mark_read,mark_unread"
        },
        {
            "detailtype": "text",
            "lable": "To Email",
            "inputtype": "text",
            "inputname": "to_email",
            "inputdesc": "Recipient email address",
            "order": 3
        },
        {
            "detailtype": "text",
            "lable": "Subject",
            "inputtype": "text",
            "inputname": "subject",
            "inputdesc": "Email subject",
            "order": 4
        },
        {
            "detailtype": "textarea",
            "lable": "Message Body",
            "inputtype": "textarea",
            "inputname": "message_body",
            "inputdesc": "Email message content",
            "order": 5
        },
        {
            "detailtype": "text",
            "lable": "Message ID",
            "inputtype": "text",
            "inputname": "message_id",
            "inputdesc": "Gmail Message ID",
            "order": 6
        }
    ]
}
