{
    "componentname": "BCA",
    "componenttitle": "BCA Banking Integration",
    "componentcategoryid": 11,
    "componentclass": "fa-solid fa-building-columns",
    "version": "0.0.2",
    "createdby": "Prisma Data Abadi",
    "input": 1,
    "output": 1,
    "details": [
        {
            "detailtype": "text",
            "lable": "Client ID",
            "inputtype": "text",
            "inputname": "client_id",
            "inputdesc": "BCA API Client ID",
            "order": 1
        },
        {
            "detailtype": "text",
            "lable": "Client Secret",
            "inputtype": "text",
            "inputname": "client_secret",
            "inputdesc": "BCA API Client Secret",
            "order": 2
        },
        {
            "detailtype": "text",
            "lable": "API Key",
            "inputtype": "text",
            "inputname": "api_key",
            "inputdesc": "BCA API Key",
            "order": 3
        },
        {
            "detailtype": "text",
            "lable": "API Secret",
            "inputtype": "text",
            "inputname": "api_secret",
            "inputdesc": "BCA API Secret",
            "order": 4
        },
        {
            "detailtype": "select",
            "lable": "Environment",
            "inputtype": "select",
            "inputname": "environment",
            "inputdesc": "API Environment",
            "order": 5,
            "datasourcetype": "List",
            "datasource": "sandbox,production"
        },
        {
            "detailtype": "select",
            "lable": "Action",
            "inputtype": "select",
            "inputname": "action",
            "inputdesc": "Action to perform",
            "order": 6,
            "datasourcetype": "List",
            "datasource": "balance_info,account_statement,transfer_intrabank,transfer_interbank_rtgs,transfer_interbank_sknbi,transfer_interbank_bifast,inquiry_account_bca,inquiry_account_other,va_payment,va_inquiry,qris_generate,qris_inquiry,qris_refund"
        },
        {
            "detailtype": "text",
            "lable": "Account Number",
            "inputtype": "text",
            "inputname": "account_number",
            "inputdesc": "Source/Destination Account Number",
            "order": 7
        },
        {
            "detailtype": "textarea",
            "lable": "Transaction Data (JSON)",
            "inputtype": "textarea",
            "inputname": "transaction_data",
            "inputdesc": "JSON data for transaction",
            "order": 8
        }
    ]
}
