{
    "componentname": "SendGrid",
    "componenttitle": "Email (SendGrid)",
    "componentcategoryid": 7,
    "componentclass": "fa-solid fa-paper-plane",
    "version": "0.0.1",
    "createdby": "Prisma Data Abadi",
    "input": 1,
    "output": 1,
    "details": [
        {
            "detailtype": "password",
            "lable": "API Key",
            "inputtype": "password",
            "inputname": "apikey",
            "inputdesc": "SendGrid API Key",
            "order": 1
        },
        {
            "detailtype": "text",
            "lable": "From Email",
            "inputtype": "email",
            "inputname": "from",
            "inputdesc": "Sender Email Address",
            "order": 2
        },
        {
            "detailtype": "text",
            "lable": "From Name",
            "inputtype": "text",
            "inputname": "from_name",
            "inputdesc": "Sender Name (Optional)",
            "order": 3
        },
        {
            "detailtype": "text",
            "lable": "To Email",
            "inputtype": "email",
            "inputname": "to",
            "inputdesc": "Recipient Email Address",
            "order": 4
        },
        {
            "detailtype": "text",
            "lable": "Subject",
            "inputtype": "text",
            "inputname": "subject",
            "inputdesc": "Email Subject",
            "order": 5
        },
        {
            "detailtype": "textarea",
            "lable": "HTML Content",
            "inputtype": "textarea",
            "inputname": "html_content",
            "inputdesc": "HTML body of the email",
            "order": 6
        },
        {
            "detailtype": "textarea",
            "lable": "Plain Content",
            "inputtype": "textarea",
            "inputname": "plain_content",
            "inputdesc": "Plain text fallback content",
            "order": 7
        }
    ]
}
