{
    "componentname": "Jurnal.id",
    "componenttitle": "Jurnal.id Integration",
    "componentcategoryid": 11,
    "componentclass": "fa-solid fa-book",
    "version": "0.0.1",
    "createdby": "Prisma Data Abadi",
    "input": 1,
    "output": 1,
    "details": [
        {
            "detailtype": "text",
            "lable": "API Key",
            "inputtype": "text",
            "inputname": "api_key",
            "inputdesc": "Jurnal.id API Key",
            "order": 1
        },
        {
            "detailtype": "select",
            "lable": "Action",
            "inputtype": "select",
            "inputname": "action",
            "inputdesc": "Action to perform",
            "order": 2,
            "datasourcetype": "List",
            "datasource": "get_transactions,create_transaction,get_products,create_product,get_contacts,create_contact"
        },
        {
            "detailtype": "text",
            "lable": "Transaction ID / Product ID",
            "inputtype": "text",
            "inputname": "item_id",
            "inputdesc": "Transaction or Product ID",
            "order": 3
        },
        {
            "detailtype": "textarea",
            "lable": "Data (JSON)",
            "inputtype": "textarea",
            "inputname": "data_json",
            "inputdesc": "JSON data for create operations",
            "order": 4
        }
    ]
}
