{
    "componentname": "Salesforce",
    "componenttitle": "Salesforce Integration",
    "componentcategoryid": 12,
    "componentclass": "fa-brands fa-salesforce",
    "version": "0.0.1",
    "createdby": "Prisma Data Abadi",
    "input": 1,
    "output": 1,
    "details": [
        {
            "detailtype": "text",
            "lable": "Instance URL",
            "inputtype": "text",
            "inputname": "instance_url",
            "inputdesc": "Salesforce Instance URL (e.g., https://yourinstance.salesforce.com)",
            "order": 1
        },
        {
            "detailtype": "text",
            "lable": "Access Token",
            "inputtype": "text",
            "inputname": "access_token",
            "inputdesc": "Salesforce OAuth Access Token",
            "order": 2
        },
        {
            "detailtype": "select",
            "lable": "Action",
            "inputtype": "select",
            "inputname": "action",
            "inputdesc": "Action to perform",
            "order": 3,
            "datasourcetype": "List",
            "datasource": "query,create_record,update_record,delete_record,get_record"
        },
        {
            "detailtype": "text",
            "lable": "Object Type",
            "inputtype": "text",
            "inputname": "object_type",
            "inputdesc": "Salesforce Object Type (e.g., Account, Contact, Lead)",
            "order": 4
        },
        {
            "detailtype": "text",
            "lable": "Record ID",
            "inputtype": "text",
            "inputname": "record_id",
            "inputdesc": "Salesforce Record ID",
            "order": 5
        },
        {
            "detailtype": "textarea",
            "lable": "SOQL Query / Data (JSON)",
            "inputtype": "textarea",
            "inputname": "query_data",
            "inputdesc": "SOQL query or JSON data for create/update",
            "order": 6
        }
    ]
}
