{
    "componentname": "GoogleSheets",
    "componenttitle": "Google Sheets",
    "componentcategoryid": 3,
    "componentclass": "fa-solid fa-table-cells",
    "version": "0.0.1",
    "createdby": "Prisma Data Abadi",
    "input": 1,
    "output": 1,
    "details": [
        {
            "detailtype": "text",
            "lable": "Credential Path",
            "inputtype": "text",
            "inputname": "credential",
            "inputdesc": "Path to service account JSON file",
            "order": 1
        },
        {
            "detailtype": "text",
            "lable": "Spreadsheet ID",
            "inputtype": "text",
            "inputname": "spreadsheetid",
            "inputdesc": "ID of the Google Spreadsheet",
            "order": 2
        },
        {
            "detailtype": "text",
            "lable": "Range",
            "inputtype": "text",
            "inputname": "range",
            "inputdesc": "A1 Notation Range (e.g. Sheet1!A1:B2)",
            "order": 3
        },
        {
            "detailtype": "select",
            "lable": "Action",
            "inputtype": "select",
            "inputname": "action",
            "inputdesc": "Action to perform",
            "order": 4,
            "options": "read,append,update,clear"
        },
        {
            "detailtype": "textarea",
            "lable": "Values",
            "inputtype": "textarea",
            "inputname": "values",
            "inputdesc": "JSON array of arrays for append/update (e.g. [[\"Val1\", \"Val2\"]])",
            "order": 5
        }
    ]
}
