{
    "componentname": "Calculator",
    "componenttitle": "Calculator",
    "version": "0.0.1",
    "createdby": "Prisma Data Abadi",
    "componentcategoryid": 1,
    "componentclass": "fa-solid fa-calculator",
    "input": 1,
    "output": 1,
    "details": [
        {
            "detailtype": "text",
            "lable": "Expression",
            "inputtype": "text",
            "inputname": "expression",
            "inputdesc": "Mathematical expression to evaluate (supports +, -, *, /, %, ^, functions like sqrt, sin, cos, etc.)",
            "order": 1
        }
    ]
}
