{
    "componentname": "AWS",
    "componenttitle": "AWS Services",
    "componentcategoryid": 3,
    "componentclass": "fas fa-box",
    "version": "0.0.1",
    "createdby": "Prisma Data Abadi",
    "input": 1,
    "output": 1,
    "details": [
        {
            "detailtype": "Property",
            "lable": "AWS Region",
            "inputtype": "text",
            "inputname": "awsregion",
            "inputdesc": "AWS Region",
            "order": 1
        },
        {
            "detailtype": "Property",
            "lable": "AWS Access Key",
            "inputtype": "text",
            "inputname": "awsaccesskey",
            "inputdesc": "AWS Access Key",
            "order": 2
        },
        {
            "detailtype": "Property",
            "lable": "AWS Secret Key",
            "inputtype": "text",
            "inputname": "awssecretkey",
            "inputdesc": "AWS Secret Key",
            "order": 3
        },
        {
            "detailtype": "select",
            "lable": "Service",
            "inputtype": "select",
            "inputname": "service",
            "inputdesc": "AWS Service",
            "datasource": "lambda",
            "order": 4
        },
        {
            "detailtype": "text",
            "lable": "Function Name",
            "inputtype": "text",
            "inputname": "functionname",
            "inputdesc": "Lambda function name (for Lambda service)",
            "order": 5
        },
        {
            "detailtype": "textarea",
            "lable": "Payload",
            "inputtype": "textarea",
            "inputname": "payload",
            "inputdesc": "JSON payload",
            "order": 6
        }
    ]
}
