{
    "componentname": "BrevoEmail",
    "componenttitle": "Brevo Email (SMTP)",
    "componentcategoryid": 7,
    "componentclass": "fa-solid fa-envelope-circle-check",
    "version": "0.0.1",
    "createdby": "Prisma Data Abadi",
    "input": 1,
    "output": 1,
    "details": [
        {
            "detailtype": "text",
            "lable": "SMTP Host",
            "inputtype": "text",
            "inputname": "smtphost",
            "inputdesc": "SMTP server hostname",
            "order": 1
        },
        {
            "detailtype": "text",
            "lable": "SMTP Port",
            "inputtype": "text",
            "inputname": "smtpport",
            "inputdesc": "SMTP server port (e.g., 587, 465)",
            "order": 2
        },
        {
            "detailtype": "text",
            "lable": "SMTP User",
            "inputtype": "text",
            "inputname": "smtpuser",
            "inputdesc": "SMTP username",
            "order": 3
        },
        {
            "detailtype": "password",
            "lable": "SMTP Password",
            "inputtype": "password",
            "inputname": "smtppass",
            "inputdesc": "SMTP password",
            "order": 4
        },
        {
            "detailtype": "text",
            "lable": "From",
            "inputtype": "email",
            "inputname": "from",
            "inputdesc": "Sender email address",
            "order": 5
        },
        {
            "detailtype": "text",
            "lable": "To",
            "inputtype": "text",
            "inputname": "to",
            "inputdesc": "Recipient email(s), comma-separated",
            "order": 6
        },
        {
            "detailtype": "text",
            "lable": "Subject",
            "inputtype": "text",
            "inputname": "subject",
            "inputdesc": "Email subject",
            "order": 7
        },
        {
            "detailtype": "textarea",
            "lable": "Body",
            "inputtype": "textarea",
            "inputname": "body",
            "inputdesc": "Email body",
            "order": 8
        },
        {
            "detailtype": "checkbox",
            "lable": "HTML",
            "inputtype": "checkbox",
            "inputname": "ishtml",
            "inputdesc": "Send as HTML email",
            "order": 9
        }
    ]
}
