{
    "componentname": "Twitter",
    "componenttitle": "Twitter Integration",
    "componentcategoryid": 12,
    "componentclass": "fa-brands fa-twitter",
    "version": "0.0.1",
    "createdby": "Prisma Data Abadi",
    "input": 1,
    "output": 1,
    "details": [
        {
            "detailtype": "select",
            "lable": "Database Driver",
            "inputtype": "select",
            "inputname": "db_driver",
            "inputdesc": "Database driver: mysql/mariadb, postgres, sqlserver, oracle, sqlite",
            "order": 1,
            "datasourcetype": "List",
            "datasource": "mysql,postgres,sqlserver,oracle,sqlite"
        },
        {
            "detailtype": "select",
            "lable": "Action",
            "inputtype": "select",
            "inputname": "action",
            "inputdesc": "Action to perform",
            "order": 2,
            "datasourcetype": "List",
            "datasource": "post_tweet,get_timeline,send_dm,post,get_post,get_reel,send_reel"
        },
        {
            "detailtype": "text",
            "lable": "API Key / Token",
            "inputtype": "text",
            "inputname": "api_key",
            "inputdesc": "Twitter API Key or Bearer Token",
            "order": 3
        },
        {
            "detailtype": "textarea",
            "lable": "Tweet Content",
            "inputtype": "textarea",
            "inputname": "tweet_content",
            "inputdesc": "Content of the tweet",
            "order": 4
        }
    ]
}
