{
    "componentname": "Xendit",
    "componenttitle": "Xendit Integration",
    "componentcategoryid": 11,
    "componentclass": "fa-solid fa-credit-card",
    "version": "0.0.1",
    "createdby": "Prisma Data Abadi",
    "input": 1,
    "output": 1,
    "details": [
        {
            "detailtype": "text",
            "lable": "API Key",
            "inputtype": "text",
            "inputname": "api_key",
            "inputdesc": "Xendit Secret API Key",
            "order": 1
        },
        {
            "detailtype": "select",
            "lable": "Action",
            "inputtype": "select",
            "inputname": "action",
            "inputdesc": "Action to perform",
            "order": 2,
            "datasourcetype": "List",
            "datasource": "create_invoice,get_invoice,create_va,get_va,create_disbursement,get_balance"
        },
        {
            "detailtype": "text",
            "lable": "Invoice ID / VA ID",
            "inputtype": "text",
            "inputname": "item_id",
            "inputdesc": "Invoice or Virtual Account ID",
            "order": 3
        },
        {
            "detailtype": "textarea",
            "lable": "Data (JSON)",
            "inputtype": "textarea",
            "inputname": "data_json",
            "inputdesc": "JSON data for create operations",
            "order": 4
        }
    ]
}
