{
    "componentname": "Google Maps",
    "componenttitle": "Google Maps Integration",
    "componentcategoryid": 4,
    "componentclass": "fa-solid fa-map-location-dot",
    "version": "0.0.1",
    "createdby": "Prisma Data Abadi",
    "input": 1,
    "output": 1,
    "details": [
        {
            "detailtype": "text",
            "lable": "API Key",
            "inputtype": "text",
            "inputname": "api_key",
            "inputdesc": "Google Maps API Key",
            "order": 1
        },
        {
            "detailtype": "select",
            "lable": "Action",
            "inputtype": "select",
            "inputname": "action",
            "inputdesc": "Action to perform",
            "order": 2,
            "datasourcetype": "List",
            "datasource": "geocode,reverse_geocode,directions,distance_matrix,places_search"
        },
        {
            "detailtype": "text",
            "lable": "Address / Location",
            "inputtype": "text",
            "inputname": "location",
            "inputdesc": "Address or lat,lng coordinates",
            "order": 3
        },
        {
            "detailtype": "text",
            "lable": "Destination",
            "inputtype": "text",
            "inputname": "destination",
            "inputdesc": "Destination address for directions",
            "order": 4
        }
    ]
}
