{
    "componentname": "DataAnalytic",
    "componenttitle": "Data Analytic Service",
    "componentcategoryid": 11,
    "componentclass": "fa-solid fa-chart-line",
    "version": "0.0.1",
    "createdby": "Prisma Data Abadi",
    "input": 1,
    "output": 1,
    "details": [
        {
            "detailtype": "select",
            "lable": "Database Driver",
            "inputtype": "select",
            "inputname": "db_driver",
            "inputdesc": "Database driver: mysql, mariadb, postgres, sqlserver, oracle, sqlite",
            "order": 1,
            "datasourcetype": "List",
            "datasource": "mysql,postgres,sqlserver,oracle,sqlite"
        },
        {
            "detailtype": "select",
            "lable": "Analysis Type",
            "inputtype": "select",
            "inputname": "analysis_type",
            "inputdesc": "Type of analysis to perform",
            "order": 2,
            "datasourcetype": "List",
            "datasource": "detailed_summary,trend_over_time,categorical_distribution,sync_data"
        },
        {
            "detailtype": "text",
            "lable": "Table Name",
            "inputtype": "text",
            "inputname": "table_name",
            "inputdesc": "Target table for analysis",
            "order": 3
        },
        {
            "detailtype": "text",
            "lable": "Target Column",
            "inputtype": "text",
            "inputname": "target_column",
            "inputdesc": "Column to analyze (e.g. amount)",
            "order": 4
        },
        {
            "detailtype": "text",
            "lable": "Group By Column",
            "inputtype": "text",
            "inputname": "group_by_column",
            "inputdesc": "Column to group by (e.g. category)",
            "order": 5
        },
        {
            "detailtype": "text",
            "lable": "Date Column",
            "inputtype": "text",
            "inputname": "date_column",
            "inputdesc": "Date column for trend analysis",
            "order": 6
        },
        {
            "detailtype": "text",
            "lable": "Start Date",
            "inputtype": "date",
            "inputname": "start_date",
            "inputdesc": "Start date filter",
            "order": 7
        },
        {
            "detailtype": "text",
            "lable": "End Date",
            "inputtype": "date",
            "inputname": "end_date",
            "inputdesc": "End date filter",
            "order": 8
        },
        {
            "detailtype": "select",
            "lable": "Target Database Driver",
            "inputtype": "select",
            "inputname": "driver_target",
            "inputdesc": "Target Driver for Sync",
            "order": 9,
            "datasourcetype": "List",
            "datasource": "mysql,postgres,sqlserver,oracle,sqlite"
        },
        {
            "detailtype": "text",
            "lable": "Incremental Column",
            "inputtype": "text",
            "inputname": "incremental_column",
            "inputdesc": "Column for incremental sync (e.g. updated_at)",
            "order": 10
        },
        {
            "detailtype": "text",
            "lable": "Last Sync Value",
            "inputtype": "text",
            "inputname": "last_value",
            "inputdesc": "Last synced value",
            "order": 11
        }
    ]
}
