{
    "componentname": "AIAssistant",
    "componenttitle": "AI Assistant",
    "componentcategoryid": 5,
    "componentclass": "fa-solid fa-spray-can-sparkles",
    "version": "0.0.1",
    "createdby": "Prisma Data Abadi",
    "input": 1,
    "output": 1,
    "details": [
        {
            "detailtype": "select",
            "lable": "Database Driver",
            "inputtype": "select",
            "inputname": "db_driver",
            "inputdesc": "Database driver: mysql, mariadb, postgres",
            "order": 1,
            "datasourcetype": "List",
            "datasource": "mysql,postgres,sqlserver,oracle,sqlite"
        },
        {
            "detailtype": "textarea",
            "lable": "Command",
            "inputtype": "textarea",
            "inputname": "command",
            "inputdesc": "AI command (e.g., 'create widget MyWidget', 'create menu MyMenu')",
            "order": 2
        },
        {
            "detailtype": "text",
            "lable": "User ID",
            "inputtype": "text",
            "inputname": "user_id",
            "inputdesc": "User ID making the request",
            "order": 2
        }
    ]
}
