{
    "componentname": "GitHub",
    "componenttitle": "GitHub Integration",
    "componentcategoryid": 10,
    "componentclass": "fa-brands fa-github",
    "version": "0.0.1",
    "createdby": "Prisma Data Abadi",
    "input": 1,
    "output": 1,
    "details": [
        {
            "detailtype": "select",
            "lable": "Database Driver",
            "inputtype": "select",
            "inputname": "db_driver",
            "inputdesc": "Database driver: mysql/mariadb, postgres, sqlserver, oracle, sqlite",
            "order": 1,
            "datasourcetype": "List",
            "datasource": "mysql,postgres,sqlserver,oracle,sqlite"
        },
        {
            "detailtype": "select",
            "lable": "Action",
            "inputtype": "select",
            "inputname": "action",
            "inputdesc": "Action to perform",
            "order": 2,
            "datasourcetype": "List",
            "datasource": "create_issue,get_issues,create_comment,get_pr,pr,pull,push,commit"
        },
        {
            "detailtype": "text",
            "lable": "Personal Access Token",
            "inputtype": "text",
            "inputname": "access_token",
            "inputdesc": "GitHub PAT",
            "order": 3
        },
        {
            "detailtype": "text",
            "lable": "Repository (owner/repo)",
            "inputtype": "text",
            "inputname": "repository",
            "inputdesc": "Repository name in format owner/repo",
            "order": 4
        },
        {
            "detailtype": "textarea",
            "lable": "Issue/Comment Body",
            "inputtype": "textarea",
            "inputname": "body_content",
            "inputdesc": "Content for issue or comment",
            "order": 5
        }
    ]
}
